Key,File,Type,UsedInMainMenu,NoTranslate,english
edResourceCrudeIron,items,Item,,,Crude Iron
edResourceCrudeIronDesc,items,Item,,,A rough bloom of iron beaten out of a clay furnace. Full of slag and bad temper. It is not good metal. It is metal you made on day two.
edResourceFlux,items,Item,,,Flux
edResourceFluxDesc,items,Item,,,Ground limestone and bone. Pulls the filth out of a melt and takes it to the surface. The blast furnace will not run without it.
edResourceHardenedSteel,items,Item,,,Hardened Steel
edResourceHardenedSteelDesc,items,Item,,,Steel taken through a second heat and quenched properly. Holds an edge past the point where ordinary steel folds. Ironmonger work.
edResourceCarbide,items,Item,,,Tungsten Carbide
edResourceCarbideDesc,items,Item,,,The end of the metal chain. Cuts stone like wet clay and shrugs off heat that would slump anything else. Weeks of furnace time in every ingot.
edResourcePrecisionParts,items,Item,,,Precision Parts
edResourcePrecisionPartsDesc,items,Item,,,Machined to a tolerance nothing in this world can casually replace. Every powered thing worth owning wants a handful of these.
edResourcePolymer,items,Item,,,Polymer Stock
edResourcePolymerDesc,items,Item,,,Cracked out of oil at a reagent bench. Light and stubborn and it does not rot - which puts it well ahead of most things left alive.
edResourceCompositePlate,items,Item,,,Composite Plate
edResourceCompositePlateDesc,items,Item,,,Hardened steel laminated into polymer backing. Stops what plate steel does not and weighs half as much doing it.
edResourceReagentBase,items,Item,,,Reagent Base
edResourceReagentBaseDesc,items,Item,,,The neutral stock every medicine in the world now starts from. Unremarkable on its own. Nothing works without it.
edNoteMetallurgy,items,Item,,,Field Notes - Metallurgy
edNoteMetallurgyDesc,items,Item,,,Water-stained pages from somebody who understood furnaces. Half of it is missing. Gather enough and a drafting table can reconstruct what they knew.
edNoteChemistry,items,Item,,,Field Notes - Chemistry
edNoteChemistryDesc,items,Item,,,A dispensary log kept long past the point it was any use to the person keeping it. The last entries are worth reading twice.
edNoteOrdnance,items,Item,,,Field Notes - Ordnance
edNoteOrdnanceDesc,items,Item,,,Load data and failure notes in three different hands. Whoever finished this document did not write the first half of it.
edNoteStructural,items,Item,,,Field Notes - Structural
edNoteStructuralDesc,items,Item,,,Pour schedules and load calculations. Somebody was building something to last. The pages stop before you find out whether it did.
edNoteSalvage,items,Item,,,Field Notes - Salvage
edNoteSalvageDesc,items,Item,,,A running inventory of what is worth stripping and what will kill you while you strip it. Practical to the last legible line.
edNoteWilderness,items,Item,,,Field Notes - Wilderness
edNoteWildernessDesc,items,Item,,,Tracking notes and preservation methods from somebody who stayed out of towns on purpose. They lasted a long time.
edWritIronmonger,items,Item,,,Writ of the Ironmonger
edWritIronmongerDesc,items,Item,,,Signed off by somebody who watched you make metal out of dirt. The forge is yours now. Consume it to take the Mark.
edWritTrapper,items,Item,,,Writ of the Trapper
edWritTrapperDesc,items,Item,,,Signed off by somebody who never once heard you coming. The wilderness is yours now. Consume it to take the Mark.
edWritApothecary,items,Item,,,Writ of the Apothecary
edWritApothecaryDesc,items,Item,,,Signed off by somebody who checked your stock and found it clean. People will owe you their lives. Consume it to take the Mark.
edWritSapper,items,Item,,,Writ of the Sapper
edWritSapperDesc,items,Item,,,Signed off by somebody who watched you carry it all yourself. The ground is yours now. Consume it to take the Mark.
edWritMarshal,items,Item,,,Writ of the Marshal
edWritMarshalDesc,items,Item,,,Signed off by somebody who counted. You did not freeze and you did not run dry. Consume it to take the Mark.
edWritScavenger,items,Item,,,Writ of the Scavenger
edWritScavengerDesc,items,Item,,,Signed off by somebody who could tell the difference between pulled and purchased. Consume it to take the Mark.
edMedTincture,items,Item,,,Antiseptic Tincture
edMedTinctureDesc,items,Item,,,Clears an early infection if you catch it early. Past the second stage you are carrying a bottle of expensive brown water.
edMedAntibiotic,items,Item,,,Broad Spectrum Antibiotic
edMedAntibioticDesc,items,Item,,,Real medicine made by somebody who knew what they were doing. Reverses a third stage infection. Ask the Apothecary nicely.
edMedSerum,items,Item,,,Apothecary's Serum
edMedSerumDesc,items,Item,,,The only thing that brings a body back from a fourth stage infection. One person on this server can make it. Be good to them.
edBlockBloomery,blocks,Block,,,Bloomery
edBlockBloomeryDesc,blocks,Block,,,Clay and stone and patience. Smelts raw ore into crude iron. It is the worst furnace you will ever build and you will build it on day two.
edBlockBlastFurnace,blocks,Block,,,Blast Furnace
edBlockBlastFurnaceDesc,blocks,Block,,,Burns hot enough to make steel behave. Eats flux and coal in quantities that will define your week.
edBlockMachineShop,blocks,Block,,,Machine Shop
edBlockMachineShopDesc,blocks,Block,,,Turns stock metal into parts made to a tolerance. Everything with a motor in it starts here.
edBlockReagentBench,blocks,Block,,,Reagent Bench
edBlockReagentBenchDesc,blocks,Block,,,Glassware and a steady hand. The whole medical chain runs off this bench and so does everyone standing near it.
edBlockDraftingTable,blocks,Block,,,Drafting Table
edBlockDraftingTableDesc,blocks,Block,,,Reconstructs a working recipe out of enough damaged Field Notes. You cannot buy what comes off this table and you cannot perk your way to it.
edZombieHusk,entityclasses,Entity,,,Husk
edZombieBloater,entityclasses,Entity,,,Bloater
edZombieCarrionHound,entityclasses,Entity,,,Carrion Hound
edZombieRotweaver,entityclasses,Entity,,,Rotweaver
edZombieHollow,entityclasses,Entity,,,The Hollow
edZombieChoir,entityclasses,Entity,,,Choir
edBuffToxicCloudName,buffs,Buff,,,Exposed
edBuffToxicCloudDesc,buffs,Buff,,,You are standing in what came out of it. Health and stamina draining. Move.
edBuffChoirSongName,buffs,Buff,,,The Song
edBuffChoirSongDesc,buffs,Buff,,,Something nearby is making them stronger. Find it. It is not fighting back.
edBuffInfection1Name,buffs,Buff,,,Infection - Onset
edBuffInfection1Desc,buffs,Buff,,,A cough and a tightness you can work through. Treat it now and it costs you a tincture. Leave it and it costs you more.
edBuffInfection2Name,buffs,Buff,,,Infection - Established
edBuffInfection2Desc,buffs,Buff,,,It is in you properly now. Stamina is going and it is not coming back on its own. A tincture will still hold it. Barely.
edBuffInfection3Name,buffs,Buff,,,Infection - Systemic
edBuffInfection3Desc,buffs,Buff,,,You are a liability to whoever you are standing next to. Nothing short of a real antibiotic turns this around.
edBuffInfection4Name,buffs,Buff,,,Infection - Terminal
edBuffInfection4Desc,buffs,Buff,,,You are dying and you can feel the schedule. One thing in the world reverses this and an Apothecary has to make it.
edPerkBloomBilletName,progression,Perk,,,Bloom and Billet
edPerkBloomBilletDesc,progression,Perk,,,Smelt faster and pull more metal out of the same ore. The foundation every other Ironmonger perk sits on.
edPerkAlloyingName,progression,Perk,,,Alloying
edPerkAlloyingDesc,progression,Perk,,,Hardened steel at rank 2. Carbide at rank 4. Nobody else on the server can make either of them.
edPerkTemperingName,progression,Perk,,,Tempering
edPerkTemperingDesc,progression,Perk,,,Everything you forge comes off the anvil at a higher quality than it had any right to.
edPerkCasingsName,progression,Perk,,,Casings
edPerkCasingsDesc,progression,Perk,,,More rounds per batch and bulk casing recipes. The perk that keeps the Marshal in the fight.
edPerkMasterForgeName,progression,Perk,,,Master of the Forge
edPerkMasterForgeDesc,progression,Perk,,,Capstone. Blast furnace efficiency and the carbide recipes nobody else will ever see.
edPerkEarthworksName,progression,Perk,,,Earthworks
edPerkEarthworksDesc,progression,Perk,,,Dig faster and for longer. The ground stops being an obstacle and starts being a material.
edPerkFormworkName,progression,Perk,,,Formwork
edPerkFormworkDesc,progression,Perk,,,Reinforced concrete tiers and faster cheaper building. What the base is actually made of.
edPerkDemolitionsName,progression,Perk,,,Demolitions
edPerkDemolitionsDesc,progression,Perk,,,More explosive damage and shaped charges. Also the only reliable answer to a Rotweaver.
edPerkEmplacementsName,progression,Perk,,,Emplacements
edPerkEmplacementsDesc,progression,Perk,,,Spikes and barricades and killbox blocks that actually have health worth counting.
edPerkSiegeEngineerName,progression,Perk,,,Siege Engineer
edPerkSiegeEngineerDesc,progression,Perk,,,Capstone. Repair structures mid-fight and unlock the fortification tier nobody else can build.
edPerkQuietFootName,progression,Perk,,,Quiet Foot
edPerkQuietFootDesc,progression,Perk,,,Make less noise and less light. Everything in the wilderness notices you later.
edPerkFieldDressingName,progression,Perk,,,Field Dressing
edPerkFieldDressingDesc,progression,Perk,,,More meat and hide off every animal and the preservation recipes to stop it spoiling.
edPerkSnaresName,progression,Perk,,,Snares and Deadfalls
edPerkSnaresDesc,progression,Perk,,,Trap blocks that hit harder and reset faster. The wilderness starts working for you.
edPerkBowyerName,progression,Perk,,,Bowyer
edPerkBowyerDesc,progression,Perk,,,Bow damage and draw speed and the advanced arrow tiers. Kills without telling the street.
edPerkGhostName,progression,Perk,,,Ghost
edPerkGhostDesc,progression,Perk,,,Capstone. Crouched you are very nearly not there at all.
edPerkMarksmanshipName,progression,Perk,,,Marksmanship
edPerkMarksmanshipDesc,progression,Perk,,,Firearm damage and handling and reload speed. The direct answer to most problems.
edPerkPlateWeaveName,progression,Perk,,,Plate and Weave
edPerkPlateWeaveDesc,progression,Perk,,,Composite armour tiers and better protection out of everything you wear.
edPerkOrdnanceName,progression,Perk,,,Ordnance
edPerkOrdnanceDesc,progression,Perk,,,Heavy weapon tiers and belt-fed conversions. Expensive to feed. Worth it.
edPerkEmplacedGunsName,progression,Perk,,,Emplaced Guns
edPerkEmplacedGunsDesc,progression,Perk,,,Turret tiers and turrets that actually hit what they are aiming at.
edPerkCommandName,progression,Perk,,,Marshal's Command
edPerkCommandDesc,progression,Perk,,,Capstone. Everyone fighting near you fights better and you unlock what nobody else carries.
edPerkReagentsName,progression,Perk,,,Reagents
edPerkReagentsDesc,progression,Perk,,,More output from every batch and the second reagent bench tier.
edPerkAntisepsisName,progression,Perk,,,Antisepsis
edPerkAntisepsisDesc,progression,Perk,,,Tinctures at rank 1 and real antibiotics at rank 4. This is the perk that keeps people alive.
edPerkFieldMedicName,progression,Perk,,,Field Medic
edPerkFieldMedicDesc,progression,Perk,,,Everything medical heals more and applies faster including on other people.
edPerkCompoundsName,progression,Perk,,,Compounds
edPerkCompoundsDesc,progression,Perk,,,Stimulants and gas ordnance and toxin coatings. Chemistry pointed outward for once.
edPerkPhysicianName,progression,Perk,,,Physician
edPerkPhysicianDesc,progression,Perk,,,Capstone. The serum. The only cure for a terminal infection anywhere in this world.
edPerkWreckerName,progression,Perk,,,Wrecker
edPerkWreckerDesc,progression,Perk,,,Strip vehicles and machinery faster and get considerably more out of them.
edPerkSortingName,progression,Perk,,,Sorting
edPerkSortingDesc,progression,Perk,,,Better loot from every container you open. Quietly the strongest economy perk in the mod.
edPerkCircuitsName,progression,Perk,,,Circuits
edPerkCircuitsDesc,progression,Perk,,,Electronics tiers and faster crafting of anything with wiring in it.
edPerkMotorPoolName,progression,Perk,,,Motor Pool
edPerkMotorPoolDesc,progression,Perk,,,Vehicle tiers and fuel that lasts. Mobility is a survival stat from Cycle 3 onward.
edPerkRagAndBoneName,progression,Perk,,,Rag and Bone
edPerkRagAndBoneDesc,progression,Perk,,,Capstone. Field Notes turn up far more often and the salvage-only recipes open up.
edToolCarbidePickaxe,items,Item,,,Carbide Pickaxe
edToolCarbidePickaxeDesc,items,Item,,,A carbide head on a hardened steel haft. Goes through stone at a rate that makes the steel one feel like a joke. Only an Ironmonger will ever make you one.
edToolCarbideAxe,items,Item,,,Carbide Axe
edToolCarbideAxeDesc,items,Item,,,Holds an edge through a working week. Expensive enough that you will notice when somebody borrows it.
edMeleeCarbideMaul,items,Item,,,Carbide Maul
edMeleeCarbideMaulDesc,items,Item,,,Slow and enormous and it does not care what the thing in front of it is wearing. The melee answer to a Rotweaver if you are out of explosives.
edArmorCompositeHelmet,items,Item,,,Composite Helmet
edArmorCompositeHelmetDesc,items,Item,,,Hardened steel laminated into polymer. Stops what plate steel does not and does not break your neck doing it.
edArmorCompositeVest,items,Item,,,Composite Vest
edArmorCompositeVestDesc,items,Item,,,The centrepiece of the Marshal's kit. Heavy enough to matter and light enough to run in.
edArmorCompositeLegs,items,Item,,,Composite Leg Armour
edArmorCompositeLegsDesc,items,Item,,,Plated where it counts and articulated where it has to be. You will still feel every drop.
edWeaponSupportMG,items,Item,,,Support Machine Gun
edWeaponSupportMGDesc,items,Item,,,Belt-fed and appalling to feed. Enormous sustained output for as long as somebody keeps making you ammunition. Find an Ironmonger. Be nice to them.
edWeaponMarksmanRifle,items,Item,,,Marksman Rifle
edWeaponMarksmanRifleDesc,items,Item,,,Slow and precise and it does not care about armour. This is what a Rotweaver looks like from four hundred metres away.
edWeaponMarshalCarbine,items,Item,,,Marshal's Carbine
edWeaponMarshalCarbineDesc,items,Item,,,Capstone. There is one of these per Marshal and everybody on the server knows who is carrying it.
edExpShapedCharge,items,Item,,,Shaped Charge
edExpShapedChargeDesc,items,Item,,,Directional. Opens somebody else's wall without opening your own floor. Sapper work.
edExpMiningCharge,items,Item,,,Mining Charge
edExpMiningChargeDesc,items,Item,,,Moves an enormous amount of ground and barely bruises anything alive. It is a tool with a fuse. Do not bring it to a fight.
edFoodCuredMeat,items,Item,,,Cured Meat
edFoodCuredMeatDesc,items,Item,,,Salted and dried and it will still be food next week. The difference between a Trapper and a hungry group.
edFoodPemmican,items,Item,,,Pemmican
edFoodPemmicanDesc,items,Item,,,Dense and keeps forever and tastes like a punishment. What you carry when you are not coming back tonight.
edAmmoBodkinArrow,items,Item,,,Bodkin Arrow
edAmmoBodkinArrowDesc,items,Item,,,A narrow hardened head made for punching plate. The Trapper's answer to Cycle 4 without touching a firearm.
edAmmoToxinArrow,items,Item,,,Toxin Arrow
edAmmoToxinArrowDesc,items,Item,,,A steel arrow dipped in something an Apothecary made. Neither of you can produce this alone. That is the point.
edDrugCombatStim,items,Item,,,Combat Stimulant
edDrugCombatStimDesc,items,Item,,,Two minutes of being considerably better at this followed by two minutes of being worse than you started. Choose the two minutes carefully.
edDrugSteadyHand,items,Item,,,Steady Hand
edDrugSteadyHandDesc,items,Item,,,Slows everything down including you. Handling and reloads improve sharply. Running does not.
edExpGasGrenade,items,Item,,,Gas Grenade
edExpGasGrenadeDesc,items,Item,,,Area denial in a tin. It leaves behind exactly what a Bloater leaves behind - which should tell you where the Apothecary got the idea.
edToxinCoating,items,Item,,,Toxin Coating
edToxinCoatingDesc,items,Item,,,Concentrated and unpleasant and it goes on anything with a point. The Apothecary's contribution to other people's weapons.
edResourceCircuitBoard,items,Item,,,Salvaged Circuit Board
edResourceCircuitBoardDesc,items,Item,,,Pulled out of something dead and coaxed back into working. Everything with a thought in it needs one.
edResourceSensorModule,items,Item,,,Sensor Module
edResourceSensorModuleDesc,items,Item,,,Optics and a circuit board and a great deal of patience. Goes into anything that has to notice something before you do.
edVehiclePartsKit,items,Item,,,Vehicle Parts Kit
edVehiclePartsKitDesc,items,Item,,,Everything awkward about building a vehicle - boxed. The Scavenger makes these and the rest of the group stops walking.
edVehicleFuelCell,items,Item,,,Sealed Fuel Cell
edVehicleFuelCellDesc,items,Item,,,Fuel that does not evaporate out of a rusted tank over a week. Goes considerably further than what you poured in.
edToolSalvageRig,items,Item,,,Salvage Rig
edToolSalvageRigDesc,items,Item,,,Capstone. Strips a wreck in a fraction of the time and gets more out of it. Boring on paper and the most-used thing in the mod.
edBlockRebarConcrete,blocks,Block,,,Rebar Concrete
edBlockRebarConcreteDesc,blocks,Block,,,Concrete with iron running through it. Roughly twice the wall for not quite twice the work.
edBlockHighDensityConcrete,blocks,Block,,,High Density Concrete
edBlockHighDensityConcreteDesc,blocks,Block,,,Poured properly with flux in the mix. This is what a Sapper builds when they intend to still be here in eight days.
edBlockIronSpikes,blocks,Block,,,Iron Spikes
edBlockIronSpikesDesc,blocks,Block,,,They last. Wooden ones do not.
edBlockBarricade,blocks,Block,,,Barricade
edBlockBarricadeDesc,blocks,Block,,,Stops movement without stopping line of sight. The Sapper's job is deciding where the horde walks and this is how you say it.
edBlockCompositeBulwark,blocks,Block,,,Composite Bulwark
edBlockCompositeBulwarkDesc,blocks,Block,,,Capstone fortification. The only thing in this world that slows a Grinder down. It does not stop one.
edBlockHeavyDartTrap,blocks,Block,,,Heavy Dart Emplacement
edBlockHeavyDartTrapDesc,blocks,Block,,,A fixed gun that holds a corridor while you hold something else. The Marshal does not automate a position. They emplace it.
edBlockAutoBladeTrap,blocks,Block,,,Powered Blade Emplacement
edBlockAutoBladeTrapDesc,blocks,Block,,,Loud and hungry for power and extremely effective in a doorway you chose on purpose.
edBlockSnare,blocks,Block,,,Snare
edBlockSnareDesc,blocks,Block,,,Cheap and quiet and it resets. The wilderness starts working for you instead of at you.
edBlockDeadfall,blocks,Block,,,Deadfall
edBlockDeadfallDesc,blocks,Block,,,Weight and timing and nothing else. Kills large things without telling the street about it.
edBlockSynthesisLab,blocks,Block,,,Synthesis Lab
edBlockSynthesisLabDesc,blocks,Block,,,The Apothecary's second tier. Everything the reagent bench cannot hold and everything the group cannot do without.
edBuffCombatStimName,buffs,Buff,,,Combat Stimulant
edBuffCombatStimDesc,buffs,Buff,,,Damage and stamina and speed all up. There is a bill at the end of this and it is due in two minutes.
edBuffSteadyHandName,buffs,Buff,,,Steady Hand
edBuffSteadyHandDesc,buffs,Buff,,,Handling and reloads sharply improved. Everything about moving is worse.
edBuffStimCrashName,buffs,Buff,,,Comedown
edBuffStimCrashDesc,buffs,Buff,,,The bill. Stamina draining and everything harder than it was. Do not take another one.
edZombieGrinder,entityclasses,Entity,,,Grinder
edQuestIronmonger1Name,quests,Quest,,,Proving of the Ironmonger: Bloom
edQuestIronmonger1Subtitle,quests,Quest,,,Smelt twenty crude iron
edQuestIronmonger1Desc,quests,Quest,,,"Anyone can loot a forge. Build a bloomery and make metal out of dirt, then we will talk. Twenty blooms. I will know if you bought them."
edQuestIronmonger1Offer,quests,Quest,,,You want the Ironmonger's mark. Everybody does. Go and make me twenty crude iron blooms out of ore you dug yourself.
edQuestIronmonger2Name,quests,Quest,,,Proving of the Ironmonger: Flux
edQuestIronmonger2Subtitle,quests,Quest,,,Prepare twelve flux
edQuestIronmonger2Desc,quests,Quest,,,"Anyone can melt iron. Knowing what to put in with it is the trade. Limestone and bone, ground fine. Twelve."
edQuestIronmonger2Offer,quests,Quest,,,Good. Now the part nobody bothers to learn. Twelve flux.
edQuestIronmonger3Name,quests,Quest,,,Proving of the Ironmonger: Delivery
edQuestIronmonger3Subtitle,quests,Quest,,,Deliver twenty-five crude iron
edQuestIronmonger3Desc,quests,Quest,,,"Last part. Twenty-five blooms delivered, and I do not care how tired you are. A smith who cannot make a delivery is a hobbyist. The forge is yours. Nobody else on this server makes hardened steel."
edQuestIronmonger3Offer,quests,Quest,,,"One more. Twenty-five blooms, delivered. On time."
edQuestTrapper1Name,quests,Quest,,,Proving of the Trapper: Quiet
edQuestTrapper1Subtitle,quests,Quest,,,Take six animals
edQuestTrapper1Desc,quests,Quest,,,"Six animals. I am not going to tell you how - but if the whole street heard you do it, you are not a Trapper, you are a noise."
edQuestTrapper1Offer,quests,Quest,,,Everyone can shoot a deer. Take six animals and do it quietly.
edQuestTrapper2Name,quests,Quest,,,Proving of the Trapper: Harvest
edQuestTrapper2Subtitle,quests,Quest,,,Bring forty raw meat
edQuestTrapper2Desc,quests,Quest,,,"Forty meat, and it had better not be crawling by the time it gets here. Knowing how to carry it is half the job."
edQuestTrapper2Offer,quests,Quest,,,Now bring it back. Forty meat. Unspoiled.
edQuestTrapper3Name,quests,Quest,,,Proving of the Trapper: Provider
edQuestTrapper3Subtitle,quests,Quest,,,Take twelve more animals
edQuestTrapper3Desc,quests,Quest,,,Twelve more. One good week is luck. Two is a Trapper. The wilderness is yours. Go and be quiet in it.
edQuestTrapper3Offer,quests,Quest,,,Last part. Twelve more. Then the wilderness is yours.
edQuestApothecary1Name,quests,Quest,,,Proving of the Apothecary: Reagents
edQuestApothecary1Subtitle,quests,Quest,,,Prepare eight reagent base
edQuestApothecary1Desc,quests,Quest,,,"Build the bench. Make the base. Eight of them, clean, no shortcuts - if the stock is dirty then everything you make from it is a lie."
edQuestApothecary1Offer,quests,Quest,,,Medicine starts a long way before medicine. Eight reagent base.
edQuestApothecary2Name,quests,Quest,,,Proving of the Apothecary: Synthesis
edQuestApothecary2Subtitle,quests,Quest,,,Crack six polymer stock
edQuestApothecary2Desc,quests,Quest,,,Six polymer. It is not medicine and that is the point - a chemist who can only make one thing is not a chemist.
edQuestApothecary2Offer,quests,Quest,,,Now something that is not a cure. Six polymer stock.
edQuestApothecary3Name,quests,Quest,,,Proving of the Apothecary: Supply
edQuestApothecary3Subtitle,quests,Quest,,,Deliver twelve reagent base
edQuestApothecary3Desc,quests,Quest,,,Twelve delivered. There will come a night when somebody's life is the difference between you having stock and not. Get used to holding it. The bench is yours. People are going to owe you their lives. Be decent about it.
edQuestApothecary3Offer,quests,Quest,,,"Twelve reagent base, delivered. Then people start depending on you."
edQuestSapper1Name,quests,Quest,,,Proving of the Sapper: Mix
edQuestSapper1Subtitle,quests,Quest,,,Produce one hundred cement
edQuestSapper1Desc,quests,Quest,,,"A hundred cement. It is boring and it is heavy and that is the entire discipline. If this puts you off, good - better now than later."
edQuestSapper1Offer,quests,Quest,,,Nothing about this trade is exciting. A hundred cement.
edQuestSapper2Name,quests,Quest,,,Proving of the Sapper: Pour
edQuestSapper2Subtitle,quests,Quest,,,Produce one hundred and fifty more
edQuestSapper2Desc,quests,Quest,,,"Another hundred and fifty. Yes, really. Whatever you are planning to build, it needs more than you think and it needs it before dark."
edQuestSapper2Offer,quests,Quest,,,Again. A hundred and fifty. You are learning what a wall costs.
edQuestSapper3Name,quests,Quest,,,Proving of the Sapper: Delivery
edQuestSapper3Subtitle,quests,Quest,,,Deliver one hundred and twenty cement
edQuestSapper3Desc,quests,Quest,,,Carry it here. All of it. A Sapper who cannot move material is somebody who draws nice plans. The ground is yours. Decide where they walk.
edQuestSapper3Offer,quests,Quest,,,"Bring me a hundred and twenty. Carried, not traded."
edQuestMarshal1Name,quests,Quest,,,Proving of the Marshal: Contact
edQuestMarshal1Subtitle,quests,Quest,,,Put down sixty
edQuestMarshal1Desc,quests,Quest,,,"Sixty. Not clever, not subtle. I need to know you do not freeze, and there is only one way to find that out."
edQuestMarshal1Offer,quests,Quest,,,Sixty of them. That is the whole instruction.
edQuestMarshal2Name,quests,Quest,,,Proving of the Marshal: Sustained
edQuestMarshal2Subtitle,quests,Quest,,,Put down one hundred and twenty more
edQuestMarshal2Desc,quests,Quest,,,Another hundred and twenty. Anybody can win one fight. I am looking for somebody who is still standing on the twentieth.
edQuestMarshal2Offer,quests,Quest,,,"Again, and double. Winning once proves nothing."
edQuestMarshal3Name,quests,Quest,,,Proving of the Marshal: Logistics
edQuestMarshal3Subtitle,quests,Quest,,,Deliver one hundred and fifty gunpowder
edQuestMarshal3Desc,quests,Quest,,,"Now the part that actually kills people: supply. A hundred and fifty powder. Every Marshal who died out there died with an empty gun. The line is yours. Hold it, and keep somebody making your ammunition."
edQuestMarshal3Offer,quests,Quest,,,"Last part, and the one that matters. A hundred and fifty powder."
edQuestScavenger1Name,quests,Quest,,,Proving of the Scavenger: Strip
edQuestScavenger1Subtitle,quests,Quest,,,Recover forty mechanical parts
edQuestScavenger1Desc,quests,Quest,,,"Forty mechanical parts, out of things other people gave up on. Do not buy them. I will be able to tell."
edQuestScavenger1Offer,quests,Quest,,,"Forty mechanical parts. Pulled, not purchased."
edQuestScavenger2Name,quests,Quest,,,Proving of the Scavenger: Circuits
edQuestScavenger2Subtitle,quests,Quest,,,Recover thirty electrical parts
edQuestScavenger2Desc,quests,Quest,,,"Thirty electrical. Harder, and in worse places. That is where the trade actually lives."
edQuestScavenger2Offer,quests,Quest,,,Now thirty electrical. They are not lying in the road.
edQuestScavenger3Name,quests,Quest,,,Proving of the Scavenger: Records
edQuestScavenger3Subtitle,quests,Quest,,,Recover sixty paper
edQuestScavenger3Desc,quests,Quest,,,"Sixty paper. Laugh if you want. Everything anybody knew is written down somewhere, and the person who brings it back decides who learns it. The ruins are yours. Everything out there is worth more in your hands."
edQuestScavenger3Offer,quests,Quest,,,Sixty paper. You will understand why later.
edSeedFlax,items,Item,,,Flax Seed
edSeedFlaxDesc,items,Item,,,"Plant it, water it, wait. Fibre and oil in one plant. The Trapper gets cloth out of it and the chemist gets something to crack, which is why it is the first thing worth putting in the ground."
edCropFlax,items,Item,,,Flax
edCropFlaxDesc,items,Item,,,"Fibre and oil in one plant. The Trapper gets cloth out of it and the chemist gets something to crack, which is why it is the first thing worth putting in the ground."
edPlantFlaxDesc,blocks,Block,,,"Flax, growing. Leave it alone until it is ready."
edPlantFlax1,blocks,Block,,,Flax (growing)
edPlantFlax2,blocks,Block,,,Flax (growing)
edPlantFlax3,blocks,Block,,,Flax
edSeedRye,items,Item,,,Rye Seed
edSeedRyeDesc,items,Item,,,"Plant it, water it, wait. Hardy, ugly, and it grows where nothing else will. Flour for the road and mash for the still."
edCropRye,items,Item,,,Rye
edCropRyeDesc,items,Item,,,"Hardy, ugly, and it grows where nothing else will. Flour for the road and mash for the still."
edPlantRyeDesc,blocks,Block,,,"Rye, growing. Leave it alone until it is ready."
edPlantRye1,blocks,Block,,,Rye (growing)
edPlantRye2,blocks,Block,,,Rye (growing)
edPlantRye3,blocks,Block,,,Rye
edSeedComfrey,items,Item,,,Comfrey Seed
edSeedComfreyDesc,items,Item,,,"Plant it, water it, wait. The medicinal one. Bitter enough that nobody eats it by accident and useful enough that the Apothecary will ask where you got it."
edCropComfrey,items,Item,,,Comfrey
edCropComfreyDesc,items,Item,,,The medicinal one. Bitter enough that nobody eats it by accident and useful enough that the Apothecary will ask where you got it.
edPlantComfreyDesc,blocks,Block,,,"Comfrey, growing. Leave it alone until it is ready."
edPlantComfrey1,blocks,Block,,,Comfrey (growing)
edPlantComfrey2,blocks,Block,,,Comfrey (growing)
edPlantComfrey3,blocks,Block,,,Comfrey
edSeedRapeseed,items,Item,,,Rapeseed Seed
edSeedRapeseedDesc,items,Item,,,"Plant it, water it, wait. Grown for the press, not the plate. What comes out of it runs an engine or becomes plastic."
edCropRapeseed,items,Item,,,Rapeseed
edCropRapeseedDesc,items,Item,,,"Grown for the press, not the plate. What comes out of it runs an engine or becomes plastic."
edPlantRapeseedDesc,blocks,Block,,,"Rapeseed, growing. Leave it alone until it is ready."
edPlantRapeseed1,blocks,Block,,,Rapeseed (growing)
edPlantRapeseed2,blocks,Block,,,Rapeseed (growing)
edPlantRapeseed3,blocks,Block,,,Rapeseed
edResourceLinseedOil,items,Item,,,Pressed Oil
edResourceLinseedOilDesc,items,Item,,,"Pressed out of flax or rapeseed. Feeds the polymer chain and burns clean enough to run a motor, which makes a field into a fuel supply."
edResourceRyeFlour,items,Item,,,Rye Flour
edResourceRyeFlourDesc,items,Item,,,Coarse and grey and it keeps. The first half of every meal you will eat away from home.
edResourceCrudeAlcohol,items,Item,,,Crude Alcohol
edResourceCrudeAlcoholDesc,items,Item,,,"Rye mash run through a still. Undrinkable on purpose - it is a solvent, and it is the reason the Apothecary no longer has to find acid to work."
edResourceFertiliser,items,Item,,,Compost
edResourceFertiliserDesc,items,Item,,,Rot and plant matter turned into something that grows things. The Husk finally contributes.
edFoodHardtack,items,Item,,,Hardtack
edFoodHardtackDesc,items,Item,,,"Flour and water and nothing else. It will not spoil, it will not excite you, and it will still be edible when everything in your pack is not."
edFoodBoneBroth,items,Item,,,Bone Broth
edFoodBoneBrothDesc,items,Item,,,"Boiled out of what the butchering left behind. Thin, but it is hot and it is not rotten, and on day two that is the whole review."
edFoodHerbalBroth,items,Item,,,Herbal Broth
edFoodHerbalBrothDesc,items,Item,,,"Comfrey and bone. Takes the edge off an infection for a while - the shakes stop and you can work. It does not cure anything. Only the Apothecary does that, and you should still go and see them."
edFoodRationPack,items,Item,,,Ration Pack
edFoodRationPackDesc,items,Item,,,"Everything the drying rack made, boxed for somebody who is not coming back tonight."
edResourceLimestone,items,Item,,,Limestone
edResourceLimestoneDesc,items,Item,,,"Pale, chalky, and soft enough to work with a bad pickaxe. Burns down to the flux that makes a furnace behave. There is a reason old towns were built where this is."
edResourceBitumen,items,Item,,,Bitumen
edResourceBitumenDesc,items,Item,,,"Black, sticky, and it smells like a road in August. Cracks down into most of the useful plastics if you have the bench and the patience."
edResourceSulphur,items,Item,,,Sulphur
edResourceSulphurDesc,items,Item,,,Bright yellow crust off the edge of a burnt seam. Everything about it says do not breathe this. It is also the difference between an Apothecary who is working and one who is waiting on a looted bottle of acid.
edResourceScheelite,items,Item,,,Scheelite
edResourceScheeliteDesc,items,Item,,,"Heavy, dull, and worth the walk. Tungsten ore, and the only honest road to carbide. It is in the wasteland and nowhere else, which is not an accident."
edOreLimestone,blocks,Block,,,Limestone Outcrop
edOreLimestoneDesc,blocks,Block,,,"A pale shelf of rock breaking the surface. Chalky, soft, and worth stopping for."
edOreBitumen,blocks,Block,,,Bitumen Seep
edOreBitumenDesc,blocks,Block,,,"Tar pushing up through cracked ground, still slow-moving in the heat. The smell carries further than the stain does."
edOreSulphur,blocks,Block,,,Sulphur Crust
edOreSulphurDesc,blocks,Block,,,Yellow rime over a burnt seam. Stand upwind and take what you need.
edOreScheelite,blocks,Block,,,Scheelite Vein
edOreScheeliteDesc,blocks,Block,,,"A dull grey seam threading through the rock. Hard going, a long way from anywhere, and the top of the metal chain starts here."
edBlockCompostBin,blocks,Block,,,Compost Bin
edBlockCompostBinDesc,blocks,Block,,,"Rot goes in and soil comes out. Slow and it smells, which is roughly the deal with everything that works."
edBlockDryingRack,blocks,Block,,,Drying Rack
edBlockDryingRackDesc,blocks,Block,,,Air and time and salt. The Trapper's station - preserving stops being a recipe you happen to know and becomes a thing you built.
edBuffWellFedName,buffs,Buff,,,Well Fed
edBuffWellFedDesc,buffs,Buff,,,"A proper meal, for once. Stamina and recovery both up for a good while."
edBuffHerbalReliefName,buffs,Buff,,,Herbal Relief
edBuffHerbalReliefDesc,buffs,Buff,,,The shakes have stopped and you can work. You are still infected - this only bought you time.
edBuffTurning1Name,buffs,Buff,,,The Turning: Cycle 1
edBuffTurning1Desc,buffs,Buff,,,"Dawn, and the count is wrong. What came out of the treeline was dry as paper and twice as quick - no weight to it at all, just speed and appetite. The Husks are in the world now. Nothing that arrives leaves again."
edBuffTurning2Name,buffs,Buff,,,The Turning: Cycle 2
edBuffTurning2Desc,buffs,Buff,,,It came apart in the doorway and the air was still wrong an hour later. Sat down on the stairs and could not stop coughing. Fighting them in your own hallway is no longer free. Bloaters.
edBuffTurning3Name,buffs,Buff,,,The Turning: Cycle 3
edBuffTurning3Desc,buffs,Buff,,,"Tracks in the ash this morning. Four sets, spread wide, moving parallel. They have stopped coming at me and started coming around me. Open ground is no longer a way home. Carrion Hounds."
edBuffTurning4Name,buffs,Buff,,,The Turning: Cycle 4
edBuffTurning4Desc,buffs,Buff,,,"Put most of a magazine into it and it kept walking. Whatever is under that skin was not there last week. Shooting my way out is over as a plan - the next answer has to be built, not bought. Rotweavers."
edBuffTurning5Name,buffs,Buff,,,The Turning: Cycle 5
edBuffTurning5Desc,buffs,Buff,,,Nothing woke me. That is the part worth being afraid of. It was already inside and it made no sound doing it. Night is not time to work in any more; night is time to be somewhere with one door. The Hollow.
edBuffTurning6Name,buffs,Buff,,,The Turning: Cycle 6
edBuffTurning6Desc,buffs,Buff,,,"One of them hung back and never came forward, and everything around it hit harder for exactly as long as it lived. The horde has a shape now. Kill the thing at the back first. Choirs."
edBuffTurning7Name,buffs,Buff,,,The Turning: Cycle 7
edBuffTurning7Desc,buffs,Buff,,,"It came through the wall. Not over it. Not around it. Through. There is no box left to build that ends this, so stop building boxes - learn the ground, keep the fuel topped up, and know the hour you leave. Grinders."
edBlockFootlocker,blocks,Block,,,Footlocker
edBlockFootlockerDesc,blocks,Block,,,Iron-bound and heavy enough that nothing drags it off. Holds considerably more than the crate you nailed together on day one.
edBlockSupplyLocker,blocks,Block,,,Supply Locker
edBlockSupplyLockerDesc,blocks,Block,,,Steel shelving on a machined frame. The warehouse the workshop paid for - and by the time you can build one you will need it.
